insert into colegios (id,nombre,id_curso)values(1, 'El colegio del 	Olimpo',1);
insert into colegios (id,nombre,id_curso)values(2, 'El colegio del 	Olimpo',2);
insert into colegios (id,nombre,id_curso)values(3, 'El colegio del 	Olimpo',3);
insert into colegios (id,nombre,id_curso)values(4, 'El colegio del 	Olimpo',4);

insert into cursos (id,grado,salon,id_asignatura)values(1, 10,'A',1);
insert into cursos (id,grado,salon,id_asignatura)values(2, 10,'B',2);
insert into cursos (id,grado,salon,id_asignatura)values(3, 11,'A',3);
insert into cursos (id,grado,salon,id_asignatura)values(4, 10,'B',4);


insert into asignaturas (id,nombre,id_profesor,id_estudiante,id_curso)values(1,'Matematicas',1,1,1);
insert into asignaturas (id,nombre,id_profesor,id_estudiante,id_curso)values(2,'Espanol',1,1,1);
insert into asignaturas (id,nombre,id_profesor,id_estudiante,id_curso)values(3,'Ingles basico',1,1,1);
insert into asignaturas (id,nombre,id_profesor,id_estudiante,id_curso)values(4,'Ingles Basico',1,1,1);
insert into asignaturas (id,nombre,id_profesor,id_estudiante,id_curso)values(5,'Pre Icfes',1,1,1);


insert into estuduantes (id,nombre,id_asignatura)values(1,'Afrodita',1);
insert into estuduantes (id,nombre,id_asignatura)values(2,'Apolo',2);
insert into estuduantes (id,nombre,id_asignatura)values(3,'Ares',3);


insert into profesores (id,nombre,id_asignatura)values(1,'Nemesis',1);
insert into profesores (id,nombre,id_asignatura)values(2,'Priapo',2);
insert into profesores (id,nombre,id_asignatura)values(3,'Iris',3);



